0.0,0.0,0.0
0.10033444816053512,8.49575212393803e-05,5862068.965517241
0.20066889632107024,0.0001699150424787606,11724137.931034481
0.3010033444816054,0.0002548725637181409,17586206.896551725
0.4013377926421405,0.0003398300849575212,23448275.862068962
0.5016722408026756,0.0004247876061969015,29310344.827586204
0.6020066889632107,0.0005097451274362818,35172413.79310345
0.7023411371237458,0.0005947026486756621,41034482.75862069
0.802675585284281,0.0006796601699150424,46896551.724137925
0.9030100334448161,0.0007646176911544227,52758620.68965517
1.0033444816053512,0.000849575212393803,58620689.65517241
1.1036789297658862,0.0009345327336331834,64482758.62068965
1.2040133779264215,0.0010194902548725637,70344827.5862069
1.3043478260869565,0.001104447776111944,76206896.55172414
1.4046822742474916,0.0011894052973513243,82068965.51724137
1.5050167224080269,0.0012743628185907046,87931034.48275861
1.605351170568562,0.0013593203398300849,93793103.44827585
1.705685618729097,0.0014442778610694652,99655172.4137931
1.8060200668896322,0.0015292353823088455,105517241.37931034
1.9063545150501673,0.0016141929035482258,111379310.34482758
2.0066889632107023,0.001699150424787606,117241379.31034482
2.1070234113712374,0.0017841079460269864,123103448.27586207
2.2073578595317724,0.0018690654672663667,128965517.2413793
2.307692307692308,0.001954022988505747,134827586.20689654
2.408026755852843,0.0020389805097451273,140689655.1724138
2.508361204013378,0.0021239380309845076,146551724.13793102
2.608695652173913,0.002208895552223888,152413793.10344827
2.709030100334448,0.0022938530734632682,158275862.0689655
2.809364548494983,0.0023788105947026485,164137931.03448275
2.9096989966555187,0.002463768115942029,170000000.0
3.0100334448160537,0.002463768115942029,170000000.0
3.1103678929765888,0.0038968971889893978,179830783.0462285
3.210702341137124,0.005330026262036767,183902826.71272382
3.311036789297659,0.006763155335084136,187027415.71425447
3.411371237458194,0.008196284408131504,189661566.09245697
3.511705685618729,0.009629413481178873,191982299.16341937
3.6120401337792645,0.011062542554226243,194080402.23526344
3.7123745819397995,0.012495671627273611,196009807.13335055
3.8127090301003346,0.01392880070032098,197805653.42544764
3.9130434782608696,0.015361929773368348,199492349.13868546
4.013377926421405,0.016795058846415717,201087665.6090504
4.11371237458194,0.018228187919463085,202605018.75972697
4.214046822742475,0.019661316992510457,204054831.42850894
4.31438127090301,0.021094446065557826,205445392.3511389
4.414715719063545,0.022527575138605194,206783422.00269285
4.51505016722408,0.023960704211652563,208074459.01822114
4.615384615384616,0.02539383328469993,209323132.18491393
4.7157190635451505,0.0268269623577473,210533356.8821314
4.816053511705686,0.02826009143079467,211708480.13817143
4.916387959866221,0.029693220503842037,212851389.83438292
5.016722408026756,0.031126349576889405,213964598.3268387
5.117056856187291,0.03255947864993678,215050307.4500306
5.217391304347826,0.033992607722984146,216110459.73143506
5.317725752508362,0.03542573679603152,217146779.23195082
5.418060200668896,0.03685886586907889,218160804.47052687
5.518394648829432,0.038291994942126255,219153915.23114243
5.618729096989966,0.03972512401517363,220127354.58661616
5.719063545150502,0.04115825308822099,221082247.14276344
5.819397993311037,0.042591382161268364,222019614.26670113
5.919732441471572,0.04402451123431573,222940386.88712418
6.0200668896321075,0.0454576403073631,223845416.32358694
6.120401337792642,0.046890769380410466,224735483.5035045
6.2207357859531776,0.04832389845345784,225611306.85089526
6.321070234113712,0.04975702752650521,226473549.07358348
6.421404682274248,0.051190156599552575,227322823.03121904
6.521739130434783,0.05262328567259995,228159696.8318308
6.622073578595318,0.05405641474564731,228984698.27737093
6.722408026755853,0.055489543818694684,229798318.7570896
6.822742474916388,0.05692267289174205,230601016.6703209
6.923076923076923,0.05835580196478942,231393220.4463858
7.023411371237458,0.059788931037836786,232175331.2181008
7.1237458193979935,0.06122206011088416,232947725.19624954
7.224080267558529,0.06265518918393152,233710755.78491095
7.3244147157190636,0.06408831825697889,234464755.47139364
7.424749163879599,0.06552144733002625,235210037.51945394
7.525083612040134,0.06695457640307363,235946897.49025804
7.625418060200669,0.068387705476121,236675614.612035
7.725752508361205,0.06982083454916836,237396453.0164209
7.826086956521739,0.07125396362221574,238109662.8570179
7.926421404682275,0.0726870926952631,238815481.3235994
8.02675585284281,0.07412022176831047,239514133.56361908
8.127090301003344,0.07555335084135784,240205833.52117318
8.22742474916388,0.07698647991440521,240890784.70227775
8.327759197324415,0.07841960898745258,241569180.87421927
8.42809364548495,0.07985273806049994,242241206.70579034
8.528428093645486,0.08128586713354731,242907038.3544054
8.62876254180602,0.08271899620659469,243566844.0053857
8.729096989966555,0.08415212527964205,244220784.3680917
8.82943143812709,0.08558525435268942,244869013.13304976
8.929765886287626,0.0870183834257368,245511677.39375675
9.03010033444816,0.08845151249878416,246148918.03644228
9.130434782608695,0.08988464157183153,246780870.10071468
9.230769230769232,0.09131777064487889,247407663.11370492
9.331103678929766,0.09275089971792627,248029421.4000517
9.431438127090301,0.09418402879097364,248646264.3698279
9.531772575250836,0.095617157864021,249258306.78629762
9.632107023411372,0.09705028693706838,249865659.0152043
9.732441471571907,0.09848341601011575,250468427.25712302
9.832775919732441,0.09991654508316311,251066713.7642628
9.933110367892978,0.10134967415621048,251660617.04297197
10.033444816053512,0.10278280322925785,252250232.04308265
10.133779264214047,0.10421593230230522,252835650.33512414
10.234113712374581,0.10564906137535258,253416960.27634287
10.334448160535118,0.10708219044839996,253994247.1663803
10.434782608695652,0.10851531952144733,254567593.3933856
10.535117056856187,0.1099484485944947,255137078.57127237
10.635451505016723,0.11138157766754206,255702779.66876584
10.735785953177258,0.11281470674058944,256264771.1308332
10.836120401337793,0.1142478358136368,256823124.99304
10.936454849498329,0.11568096488668417,257377910.98932874
11.036789297658864,0.11711409395973153,257929196.6536774
11.137123745819398,0.11854722303277891,258477047.4160564
11.237458193979933,0.11998035210582628,259021526.6930707
11.33779264214047,0.12141348117887364,259562695.97364247
11.438127090301004,0.12284661025192102,260100614.9000612
11.538461538461538,0.12427973932496839,260635341.34470475
11.638795986622075,0.12571286839801576,261166931.4827101
11.73913043478261,0.12714599747106312,261695439.86085224
11.839464882943144,0.1285791265441105,262220919.46287015
11.939799331103679,0.13001225561715787,262743421.7714615
12.040133779264215,0.13144538469020525,263262996.82715118
12.14046822742475,0.1328785137632526,263779693.2842245
12.240802675585284,0.13431164283629998,264293558.46390164
12.34113712374582,0.13574477190934736,264804638.404918
12.441471571906355,0.1371779009823947,265312977.91166353
12.54180602006689,0.1386110300554421,265818620.60002363
12.642140468227424,0.14004415912848947,266321608.94105378
12.74247491638796,0.14147728820153682,266821984.3026123
12.842809364548495,0.1429104172745842,267319786.98906672
12.94314381270903,0.14434354634763155,267815056.27918088
13.043478260869566,0.14577667542067893,268307830.46228486
13.143812709030101,0.1472098044937263,268798146.87282026
13.244147157190636,0.14864293356677366,269286041.9233508
13.34448160535117,0.15007606263982104,269771551.13611984
13.444816053511706,0.15150919171286842,270254709.1732323
13.545150501672241,0.15294232078591577,270735549.8655336
13.645484949832776,0.15437544985896315,271214106.240254
13.745819397993312,0.15580857893201053,271690410.547482
13.846153846153847,0.15724170800505788,272164494.2855269
13.946488294314381,0.15867483707810526,272636388.22522676
14.046822742474916,0.1601079661511526,273106122.4332555
14.147157190635452,0.1615410952242,273573726.29447824
14.247491638795987,0.16297422429724737,274039228.53340226
14.347826086956522,0.16440735337029472,274502657.2347685
14.448160535117058,0.1658404824433421,274964039.8633243
14.548494983277592,0.16727361151638948,275423403.28281736
14.648829431438127,0.16870674058943683,275880773.77424836
14.749163879598662,0.1701398696624842,276336177.05341667
14.849498327759198,0.17157299873553158,276789638.2877926
14.949832775919733,0.17300612780857894,277241182.1127481
15.050167224080267,0.17443925688162631,277690832.6471739
15.150501672240804,0.1758723859546737,278138613.50851333
15.250836120401338,0.17730551502772104,278584547.82723755
15.351170568561873,0.17873864410076842,279028658.2607878
15.45150501672241,0.18017177317381577,279470967.007009
15.551839464882944,0.18160490224686315,279911495.81709677
15.652173913043478,0.18303803131991053,280350266.0080785
15.752508361204013,0.18447116039295788,280787298.4748509
15.85284280936455,0.18590428946600526,281222613.7017905
15.953177257525084,0.18733741853905264,281656231.77395755
16.05351170568562,0.1887705476121,282088172.38790965
16.153846153846153,0.19020367668514737,282518454.86214143
16.254180602006688,0.19163680575819475,282947098.14716697
16.354515050167226,0.1930699348312421,283374120.8352585
16.45484949832776,0.19450306390428948,283799541.1698562
16.555183946488295,0.19593619297733683,284223377.0546634
16.65551839464883,0.1973693220503842,284645646.0624381
16.755852842809364,0.1988024511234316,285066365.44349456
16.8561872909699,0.20023558019647894,285485552.1339265
16.956521739130434,0.20166870926952632,285903222.76356196
17.056856187290972,0.2031018383425737,286319393.6636616
17.157190635451506,0.20453496741562105,286734080.87436974
17.25752508361204,0.20596809648866843,287147300.151928
17.357859531772576,0.2074012255617158,287559066.97566086
17.45819397993311,0.20883435463476316,287969396.55474186
17.558528428093645,0.21026748370781054,288378303.83474815
17.65886287625418,0.21170061278085792,288785803.5040129
17.759197324414718,0.21313374185390527,289191909.9997813
17.859531772575252,0.21456687092695265,289596637.5141792
17.959866220735787,0.216,290000000.0
18.06020066889632,0.216,290000000.0
18.160535117056856,0.21620168067226891,289997952.12202525
18.26086956521739,0.2164033613445378,289991808.4881011
18.361204013377925,0.21660504201680672,289981569.0982275
18.461538461538463,0.21680672268907564,289967233.9524045
18.561872909698998,0.21700840336134453,289948803.050632
18.662207357859533,0.21721008403361344,289926276.3929101
18.762541806020067,0.21741176470588236,289899653.97923875
18.862876254180602,0.21761344537815125,289868935.80961794
18.963210702341136,0.21781512605042017,289834121.88404775
19.06354515050167,0.21801680672268908,289795212.20252806
19.16387959866221,0.21821848739495797,289752206.765059
19.264214046822744,0.2184201680672269,289705105.57164043
19.36454849498328,0.2186218487394958,289653908.62227243
19.464882943143813,0.2188235294117647,289598615.916955
19.565217391304348,0.2190252100840336,289539227.4556882
19.665551839464882,0.21922689075630253,289475743.23847187
19.765886287625417,0.21942857142857142,289408163.2653061
19.866220735785955,0.21963025210084033,289336487.5361909
19.96655518394649,0.21983193277310925,289260716.0511263
20.066889632107024,0.22003361344537814,289180848.8101123
20.16722408026756,0.22023529411764706,289096885.8131488
20.267558528428093,0.22043697478991597,289008827.06023586
20.367892976588628,0.22063865546218486,288916672.5513735
20.468227424749163,0.22084033613445378,288820422.28656167
20.5685618729097,0.2210420168067227,288720076.2658004
20.668896321070235,0.22124369747899159,288615634.4890898
20.76923076923077,0.2214453781512605,288507096.9564296
20.869565217391305,0.22164705882352942,288394463.66782004
20.96989966555184,0.2218487394957983,288277734.6232611
21.070234113712374,0.22205042016806723,288156909.82275265
21.17056856187291,0.22225210084033614,288031989.2662947
21.270903010033447,0.22245378151260503,287902972.95388746
21.37123745819398,0.22265546218487395,287769860.8855307
21.471571906354516,0.22285714285714286,287632653.06122446
21.57190635451505,0.22305882352941175,287491349.48096883
21.672240802675585,0.22326050420168067,287345950.14476377
21.77257525083612,0.2234621848739496,287196455.05260926
21.872909698996658,0.22366386554621848,287042864.2045053
21.973244147157192,0.2238655462184874,286885177.60045195
22.073578595317727,0.2240672268907563,286723395.24044913
22.17391304347826,0.2242689075630252,286557517.1244969
22.274247491638796,0.22447058823529412,286387543.2525951
22.37458193979933,0.22467226890756303,286213473.624744
22.474916387959865,0.22487394957983192,286035308.24094343
22.575250836120404,0.22507563025210084,285853047.1011934
22.67558528428094,0.22527731092436976,285666690.2054939
22.775919732441473,0.22547899159663864,285476237.55384505
22.876254180602007,0.22568067226890756,285281689.14624673
22.976588628762542,0.22588235294117648,285083044.982699
23.076923076923077,0.22608403361344537,284880305.0632018
23.17725752508361,0.22628571428571428,284673469.3877551
23.27759197324415,0.2264873949579832,284462537.956359
23.377926421404684,0.2266890756302521,284247510.76901346
23.47826086956522,0.226890756302521,284028387.8257185
23.578595317725753,0.22709243697478992,283805169.1264741
23.678929765886288,0.2272941176470588,283577854.67128026
23.779264214046822,0.22749579831932773,283346444.460137
23.879598662207357,0.22769747899159665,283110938.49304426
23.979933110367895,0.22789915966386554,282871336.7700021
24.08026755852843,0.22810084033613445,282627639.2910105
24.180602006688964,0.22830252100840337,282379846.0560695
24.2809364548495,0.22850420168067226,282127957.065179
24.381270903010034,0.22870588235294118,281871972.3183391
24.48160535117057,0.2289075630252101,281611891.81554973
24.581939799331103,0.22910924369747898,281347715.556811
24.68227424749164,0.2293109243697479,281079443.5421227
24.782608695652176,0.22951260504201682,280807075.77148503
24.88294314381271,0.2297142857142857,280530612.24489796
24.983277591973245,0.22991596638655462,280250052.9623614
25.08361204013378,0.23011764705882354,279965397.9238754
25.183946488294314,0.23031932773109243,279676647.12944
25.28428093645485,0.23052100840336134,279383800.57905513
25.384615384615387,0.23072268907563026,279086858.2727208
25.48494983277592,0.23092436974789915,278785820.2104371
25.585284280936456,0.23112605042016807,278480686.3922039
25.68561872909699,0.23132773109243698,278171456.8180213
25.785953177257525,0.23152941176470587,277858131.4878893
25.88628762541806,0.2317310924369748,277540710.4018078
25.986622073578594,0.2319327731092437,277219193.55977684
26.086956521739133,0.2321344537815126,276893580.96179646
26.187290969899667,0.2323361344537815,276563872.60786664
26.287625418060202,0.23253781512605043,276230068.4979874
26.387959866220736,0.23273949579831932,275892168.63215876
26.48829431438127,0.23294117647058823,275550173.0103806
26.588628762541806,0.23314285714285715,275204081.63265306
26.68896321070234,0.23334453781512604,274853894.49897605
26.78929765886288,0.23354621848739496,274499611.6093496
26.889632107023413,0.23374789915966387,274141232.9637737
26.989966555183948,0.23394957983193276,273778758.5622484
27.090301003344482,0.23415126050420168,273412188.40477365
27.190635451505017,0.23435294117647057,273041522.4913495
27.29096989966555,0.2345546218487395,272666760.8219758
27.391304347826086,0.2347563025210084,272287903.39665276
27.491638795986624,0.2349579831932773,271904950.2153803
27.59197324414716,0.2351596638655462,271517901.2781583
27.692307692307693,0.23536134453781513,271126756.5849869
27.792642140468228,0.23556302521008401,270731516.1358661
27.892976588628763,0.23576470588235293,270332179.93079585
27.993311036789297,0.23596638655462185,269928747.96977615
28.093645484949832,0.23616806722689074,269521220.252807
28.19397993311037,0.23636974789915965,269109596.77988845
28.294314381270905,0.23657142857142857,268693877.5510204
28.39464882943144,0.23677310924369746,268274062.56620297
28.494983277591974,0.23697478991596638,267850151.82543606
28.59531772575251,0.2371764705882353,267422145.3287197
28.695652173913043,0.23737815126050418,266990043.07605398
28.795986622073578,0.2375798319327731,266553845.06743875
28.896321070234116,0.23778151260504202,266113551.3028741
28.99665551839465,0.2379831932773109,265669161.78236002
29.096989966555185,0.23818487394957982,265220676.50589648
29.19732441471572,0.23838655462184874,264768095.4734835
29.297658862876254,0.23858823529411763,264311418.68512112
29.39799331103679,0.23878991596638655,263850646.14080927
29.498327759197323,0.23899159663865546,263385777.84054798
29.59866220735786,0.23919327731092435,262916813.78433728
29.698996655518396,0.23939495798319327,262443753.97217712
29.79933110367893,0.23959663865546219,261966598.4040675
29.899665551839465,0.23979831932773107,261485347.0800085
30.0,0.24,261000000.0
